payment_type,payments,revenue,share
credit_card,76795,12498084.19,0.7834378722519342
boleto,19784,2859361.27,0.179238023629315
voucher,5775,379436.87,0.02378486250913419
debit_card,1529,215989.79,0.013539241609616818
not_defined,3,0.0,0.0
